,Neighborhood,Latitude,Longitude
0,BEDOKVILLE,1.323680599,103.947566
1,BRADDELL HEIGHTS ESTATE,1.349105797,103.8650457
2,BUKIT LOYANG ESTATE,1.36105553,103.9642449
3,CAPITOL PARK,1.328713347,103.8179782
4,CASHEW GREEN,1.373039059,103.7703013
5,CASHEW VILLAS,1.371826709,103.7687087
6,CHANGI HEIGHTS,1.362937287,103.973532
7,DEFU INDUSTRIAL ESTATE,1.358773493,103.8948086
8,DUNEARN ESTATE,1.323531983,103.8205695
9,EAST COAST HILL,1.316934399,103.935362
10,EAST COAST PARK,1.313960641,103.9234421
11,EDEN PARK,1.33093473,103.7926136
12,ELIAS TERRACE,1.371761609,103.9429222
13,ESTE VILLA,1.382185093,103.864428
14,FABER HILLS,1.320623827,103.7604305
15,FIVE CHANCERY,1.31858647,103.8367517
16,FRANKEL ESTATE,1.312108196,103.9189708
17,GOLDHILL SHOPPING CENTRE,1.318158089,103.8433034
18,HDB PUBLIC SHELTERS,1.35881539,103.93594
19,HDB-BUKIT MERAH,1.279078534,103.8267853
20,HDB-CHOA CHU KANG,1.380206956,103.7481376
21,HDB-HOUGANG,1.375434885,103.8937434
22,HDB-PASIR RIS,1.377579269,103.9406596
23,HDB-TAMPINES,1.356044164,103.962576
24,HDB-WOODLANDS,1.446408912,103.7722025
25,HILLCREST VILLA,1.328113307,103.8055755
26,HOLLYWOOD APARTMENTS,1.296516874,103.842807
27,KEMBANGAN ESTATE,1.325847851,103.9074559
28,KEW PLACE,1.320925883,103.9511906
29,KIM LIN PARK,1.301835578,103.8272201
30,KIMSIA PARK,1.305380161,103.8341329
31,LAUW AND SONS GARDEN,1.349665169,103.8464672
32,LOYANG VILLAS,1.363315395,103.9666413
33,LUCKY HILL,1.325056418,103.9467944
34,MIMOSA TERRACE,1.383283871,103.8598612
35,MULTI STOREY CAR PARK,1.335920157,103.9344457
36,OPERA ESTATE,1.320475461,103.9264468
37,PASIR RIS BEACH PARK,1.381723548,103.9453553
38,PAVILION PARK,1.369561751,103.752961
39,POETS VILLAS,1.381757868,103.8283646
40,RIVERFRONT RESIDENCES,1.371876207,103.9005859
41,SEA VIEW PARK,1.300953525,103.895606
42,SEASIDE PARK,1.30971486,103.9203457
43,SELETAR HILLS ESTATE,1.383393231,103.8757656
44,SEMBAWANG HILLS ESTATE,1.371802794,103.8296753
45,SEMBAWANG PARK,1.428279547,103.8264968
46,SEMBAWANG SPRINGS ESTATE,1.438233583,103.8259889
47,SENNETT ESTATE,1.332659352,103.8727781
48,SERANGOON GARDEN ESTATE,1.370181032,103.8675992
49,SERANGOON PARK,1.346938637,103.8663258
50,SPRINGLEAF GARDEN,1.398450672,103.8242122
51,SUMMER GARDENS,1.331131405,103.9504319
52,SUNRISE VILLA,1.387589793,103.8558109
53,THE LILIUM,1.34583061,103.8810213
54,WESSEX,1.293435838,103.7981401
55,WEST COAST GARDENS,1.316498064,103.7548208
56,WESTWOOD PARK,1.351668399,103.6999633
57,YONG SENG ESTATE,1.327964892,103.9159269
0,3BHC,1.35642829,103.8325131
1,68 DUXTON,1.27799599,103.842907
2,ACETECH CENTRE,1.284935558,103.8089185
3,AIRLINE HOUSE,1.377163022,103.997294
4,ANG MO KIO INDUSTRIAL PARK 2,1.375617723,103.8609451
5,APOLLO GARDENS,1.34021454,103.9588983
6,AQUEEN HOTEL - BALESTIER,1.325225984,103.8499166
7,ASIA STAR HOTEL,1.308503059,103.8547255
8,Achievia Education Hub LLP,1.281153033,103.8288562
9,Al - Amin Pre-School,1.354537492,103.9596357
10,BAN GUAN PARK,1.322326955,103.7857616
11,BARTLEY BIZ CENTRE,1.339328436,103.9114878
12,BARTLEY VILLAS,1.344827607,103.8777301
13,BAYSHORE PARK,1.311042656,103.9373877
14,BEDOK PARK,1.321653541,103.9507041
15,BEDOK PESARI,1.324838949,103.9547327
16,BEDOK RIA,1.327602021,103.9514116
17,BEDOK SHOPPING COMPLEX,1.331124025,103.9481075
18,BELGRAVIA PARK,1.382550685,103.8696588
19,BELGRAVIA VILLAS,1.379578722,103.8655137
20,BENDEMEER LIGHT,1.314991389,103.8605054
21,BIZTECH CENTRE,1.326006496,103.879167
22,BLOCK D,1.309010509,103.87382
23,BLOSSOM GARDENS,1.345184693,103.8762878
24,BOON LAY GARDENS,1.343266151,103.7154119
25,BOON TONG SAN TEMPLE,1.350764007,103.721626
26,BUANGKOK WOODS,1.385097636,103.8836398
27,CABANA,1.388278147,103.8549849
28,CAMDEN PARK,1.329302873,103.8166345
29,CAMELIA PARK,1.388393675,103.86082
30,CAMELODGE,1.313169342,103.9293052
31,CASHEW ESTATE,1.37158282,103.7659489
32,CATHAY GARDEN,1.309064596,103.9196344
33,CHANGI CAMP,1.385276622,103.9802347
34,CHANGI PRISON COMPLEX (CLUSTER A),1.358033911,103.9713325
35,CHARLTON PARK,1.356303511,103.8861935
36,CHELSEA VILLAGE,1.279331185,103.790366
37,CHENG SAN PUBLIC LIBRARY,1.372533156,103.8938835
38,CHENG SOON GARDEN,1.336352656,103.7729714
39,CHIP BEE GARDENS,1.308733213,103.7992893
40,CHIP HOCK GARDENS,1.320869361,103.8128437
41,CHURCH OF THE DIVINE MERCY,1.38019365,103.9359906
42,CITIBANK Esso Bedok North,1.328293231,103.939594
43,CITIBANK Jurong East,1.335056351,103.7398835
44,CITIBANK Westgate,1.334294789,103.7427221
45,CITY VUE @HENDERSON,1.286967204,103.8217081
46,CLEMENTI CASCADIA,1.316236814,103.7635652
47,CLEMENTI CREST,1.312753189,103.7641573
48,CLEMENTI GREEN,1.323913709,103.7732921
49,CLEMENTI NEIGHBOURHOOD POLICE POST,1.311966909,103.7641272
50,COASTAL BREEZE RESIDENCES,1.378167404,103.9572482
51,COMFORT GARDEN,1.377711482,103.7474621
52,COMPASSVALE BEACON,1.384522622,103.8997617
53,COMPASSVALE HAVEN,1.392693437,103.8998774
54,CONSULATE OF THE REPUBLIC OF ESTONIA,1.328038824,103.7483376
55,CORAL PARK,1.354003601,103.8431073
56,D' MANOR,1.33018927,103.9465545
57,D- MANSIONS,1.308680548,103.8950385
58,DAISY TERRACE,1.344119996,103.8678565
59,DAKOTA RESIDENCES,1.306372709,103.8870855
60,DALLA VALE,1.400669506,103.8232364
61,DBS Empress Road,1.316245744,103.8056364
62,DBS Resorts World Sentosa Level 1 Visitor Centre,1.257118206,103.8203496
63,DUCHESS GARDEN,1.323534219,103.8013395
64,DUCHESS PLACE,1.324809092,103.8022765
65,DUNEARN ROAD HOSTELS,1.323857761,103.8157517
66,DYNASTY GARDEN,1.323327911,103.7920456
67,EASTLACE @ CANBERRA,1.446311229,103.8294169
68,EATON PARK,1.388099819,103.8774232
69,ECHELON,1.29082513,103.8183315
70,ECO,1.323800487,103.9453598
71,ENTERPRISE 10,1.333818765,103.7031869
72,EQ EDUCARE PTE LTD,1.385100798,103.7455538
73,EUNOS GROVE,1.333020409,103.9170378
74,EUNOS MRT STATION  (EW7),1.319783548,103.9032258
75,EUNOS VISTA,1.330673944,103.9087384
76,EVAN LIM WAREHOUSE,1.335524837,103.8960056
77,EVANIA,1.350308102,103.8790556
78,EXCELSIOR GARDENS,1.324593465,103.9519558
79,FABER GARDEN,1.363283154,103.8289861
80,FENGLI GARDENS,1.348413805,103.8799194
81,FENGSHAN GREENVILLE,1.329914274,103.9403105
82,FERNHILL COTTAGE,1.313349814,103.823272
83,FIDELIO RESIDENCE,1.318669073,103.921431
84,FLORA EAST,1.314337692,103.9056212
85,FONG YUN THAI BUILDING,1.327817668,103.7897443
86,FORT CANNING MRT STATION  (DT20),1.292481237,103.8443311
87,FURAMA RIVERFRONT SINGAPORE,1.287692856,103.83616
88,Foochow Methodist Church Kindergarten,1.308944581,103.851699
89,GEYLANG BAHRU VILLE,1.320664457,103.8699146
90,GILSTEAD 68,1.31879327,103.8410146
91,GLENFIELD APARTMENTS,1.314903654,103.9080658
92,GOLDEN HILL ESTATE,1.3553636,103.8653187
93,GOLDLEAF GARDENS,1.311815581,103.915455
94,GOOD SHEPHERD LOFT,1.31516026,103.8366146
95,GRANDIOSO 8,1.355038256,103.8331989
96,GREEN HILL ESTATE,1.370409149,103.7717523
97,GREENLAND CHILDCARE PTE. LTD.,1.321296548,103.8707362
98,GREENWOOD MEWS,1.336935475,103.8054523
99,HAMILTON PRESCHOOL,1.45599869,103.8139717
100,HAPPY ESTATE,1.377594152,103.8303785
101,HARVEY VIEW,1.341324955,103.9541156
102,HAWKER CENTRE (BLKS 79/79A CIRCUIT ROAD),1.325506906,103.8849198
103,HDB-BEDOK,1.329728996,103.9380813
104,HDB-BUKIT PANJANG,1.378312421,103.7677633
105,HDB-CLEMENTI,1.312511991,103.7632688
106,HDB-JURONG WEST,1.34309421,103.6988661
107,HDB-SEMBAWANG,1.445119207,103.8222596
108,HDB-YISHUN,1.432786275,103.8331329
109,HEAP SENG HOUSE,1.298512923,103.856116
110,HEDGES PARK CONDOMINIUM,1.35547311,103.9672771
111,HENRY PARK,1.312686272,103.783527
112,HERITAGE COURT,1.277313655,103.8446754
113,HILLVIEW GARDEN ESTATE,1.357965174,103.7582498
114,HOLLAND GREEN,1.325759748,103.7842195
115,HOLLAND GROVE PARK,1.313491838,103.7811115
116,HOMES AT EASTWOOD ROAD,1.32119669,103.9568989
117,HOMESTAY LODGE,1.338066009,103.9096794
118,HONG KONG PARK,1.341362307,103.7858854
119,HOOT KIAM GARDEN,1.296323035,103.83002
120,HOOVER PARK,1.344147056,103.7720135
121,HORIZON GARDENS,1.376857975,103.8336013
122,HOUGANG CAPEVIEW,1.377328452,103.9042122
123,HOUGANG CRIMSON,1.375265581,103.881751
124,HOUGANG SPRING,1.375964495,103.8874236
125,Holy Family Kindergarten,1.306807681,103.9069247
126,JALAN KAYU ESTATE,1.398520536,103.8723868
127,JERVOISVILLE,1.29469688,103.8227322
128,JI CHANG VILLA,1.314278726,103.9256515
129,JULUCA,1.291713192,103.7726755
130,KAKI BUKIT GREEN,1.331561511,103.9291153
131,KAKI BUKIT INDUSTRIAL PARK,1.335514484,103.9021879
132,KALLANG PARK,1.301350367,103.8791057
133,KEAT HONG CREST,1.375197658,103.7426241
134,KELULUT HILL,1.383976572,103.8729555
135,KEMBANGAN VILLAS,1.323828694,103.9129099
136,KENT RIDGE SECONDARY SCHOOL,1.301227734,103.7648896
137,KEW GREEN,1.318525805,103.9505339
138,KEW GROVE,1.320458995,103.9512336
139,KIDSKINGDOM @BEDOK RESERVOIR LLP,1.344774664,103.9551302
140,KIM KEAT COURT,1.339044798,103.8555411
141,KRISLITE BUILDING,1.372258144,103.9700671
142,Kizroo Kindergarten,1.338796735,103.7932561
143,LA CASA,1.432344781,103.7979468
144,LADYHILL PARK,1.310647529,103.8242035
145,LATITUDE,1.29636918,103.8284263
146,LEICESTER LODGE,1.329985648,103.8668754
147,LHK 2,1.336479011,103.886575
148,LILAC PARK,1.382357994,103.8623423
149,LIMAU PARK,1.322343953,103.9479727
150,LLYN GARDENS,1.348924817,103.8818537
151,LOYANG ENTERPRISE BUILDING,1.380411385,103.976687
152,LUCKY PARK,1.328947758,103.7929559
153,LUXUS HILLS,1.381079797,103.8733984
154,MACPHERSON GARDEN ESTATE,1.332273082,103.8812282
155,MAGHAIN ABOTH SYNAGOGUE,1.298246454,103.8506831
156,MARGATE TERRACE,1.297937255,103.8885258
157,MAYFLOWER GARDENS,1.370608659,103.8404249
158,MCMAHON PARK,1.317227314,103.7869765
159,MCNAIR TOWERS,1.320165317,103.8598596
160,MEDALLION,1.343950968,103.8622384
161,MEDWAY PARK,1.305898655,103.7767313
162,MERA TERRACE,1.348056039,103.9647218
163,MERIDIAN 38,1.310307543,103.9108573
164,MODERN MONTESSORI PRE SCHOOL CENTRE,1.392197909,103.8984563
165,MOSQUE,1.219284623,103.849158
166,MOUNT SINAI,1.318026808,103.7806511
167,NANYANG ACADEMY OF FINE ARTS,1.300031034,103.8516535
168,NANYANG TECHNOLOGICAL UNIVERSITY (NANYANG HEIGHTS STAFF HOUSING),1.350729318,103.6862131
169,NATIONAL UNIVERSITY OF SINGAPORE (S11),1.296722278,103.7786993
170,NATIONAL UNIVERSITY POLYCLINICS (PIONEER POLYCLINIC),1.338561795,103.6990146
171,NCB BUILDING,1.375079668,103.9712503
172,NEWTON MANSION,1.31741884,103.8383834
173,NICON GARDENS,1.377831137,103.7580703
174,NIGHTINGALE NURSING CENTRE,1.344709157,103.8651813
175,NIM COLLECTION,1.379543309,103.8633621
176,NOVENA HILL,1.323766332,103.843393
177,OASIS @ MULBERRY,1.333082355,103.8775408
178,OCBC Frankel - Esso Station,1.31105505,103.9202931
179,OCBC Toa Payoh Lorong 4 - FairPrice,1.331690082,103.8506198
180,OEI TIONG HAM PARK,1.317365185,103.7944892
181,ONAN COURT,1.309185941,103.902336
182,ONE SURIN,1.354209312,103.8794121
183,ORANGE GROVE RESIDENCES,1.313950372,103.8248406
184,ORCHID VILLAGE,1.333690716,103.7998334
185,PAGODA HOUSE,1.283204271,103.844449
186,PALMS @ SIXTH AVENUE,1.323915905,103.7926267
187,PANDAN LOOP INDUSTRIAL ESTATE,1.307879022,103.7562067
188,PARK VILLAS,1.368023902,103.8768046
189,PASIR PANJANG COURT,1.292331966,103.7726177
190,PASIR PANJANG GARDENS,1.308363564,103.7617579
191,PASIR PANJANG WHOLESALE CENTRE,1.284705957,103.7770048
192,PCF SPARKLETOTS PRESCHOOL @ TAMPINES NORTH Blk 483 (KN),1.361433398,103.9526859
193,PEAKVIEW ESTATE,1.330804483,103.9433465
194,PEAKVILLE PARK,1.332538242,103.9444396
195,PICARDY GARDENS,1.334258494,103.9477192
196,POH CHUNG TIAN CHOR SIAN TONG,1.331946738,103.8561498
197,POH HUAT GARDENS,1.367677857,103.8811564
198,POLLUTION CONTROL DEPARTMENT,1.310567459,103.8361041
199,POTONG PASIR NEIGHBOURHOOD POLICE POST,1.33312018,103.8669113
200,PRE-SCHOOL BY-THE-PARK PTE. LTD.,1.326726978,103.8106887
201,PRIVÉ,1.401488285,103.9043384
202,Preschool Learning Academy @Temasek Polytechnic,1.347939484,103.92884
203,QUEEN ASTRID GARDENS,1.318452124,103.7897858
204,RAFFLES INSTITUTION BOARDING,1.346941712,103.8437933
205,RAFFLES MEDICAL 24-HR CLINIC (CHANGI AIRPORT),1.356226404,103.986102
206,RAFFLES PARK,1.33417361,103.8036413
207,REGAL 35,1.315336418,103.8883142
208,RESIDENCE 81,1.316889327,103.9078631
209,RIA TOWNHOUSES,1.325447632,103.9549879
210,RIO VISTA,1.372857522,103.9018748
211,RIVERGATE,1.29096179,103.836573
212,RIVERVALE PLAINS,1.388554578,103.905282
213,SAINT ELMO'S CHILD CARE,1.376071445,103.8809244
214,SAINT PATRICK'S COURT,1.308160087,103.9122173
215,SCAL DORMITORY (MANDAI),1.41047035,103.7587504
216,SCAL RECREATION CENTRE,1.332613998,103.6991152
217,SEA BREEZE TERRACE,1.338009455,103.9529423
218,SEA HORIZON,1.376648404,103.9588008
219,SEMBAWANG STRAITS ESTATE,1.457928265,103.8369772
220,SHAMROCK PARK,1.326705596,103.7936326
221,SHELL YISHUN RING,1.429615445,103.8300295
222,SIGLAP PARK,1.316696613,103.9302251
223,SIGLAP SOUTH COMMUNITY CENTRE,1.313158953,103.9306235
224,SILRA HOME,1.380297193,103.884842
225,SIN CHUAN GARDEN,1.322731616,103.9186111
226,SINDO INDUSTRIAL ESTATE,1.38454396,103.8288472
227,SINGAPORE PRISON SERVICE (HEADQUARTERS),1.354696845,103.9696911
228,SINGAPORE UNIVERSITY OF TECHNOLOGY AND DESIGN (SUTD),1.34067686,103.9629959
229,SKY VISTA @ BUKIT BATOK,1.349367502,103.7453474
230,SOUTH UNION PARK,1.315810382,103.9254694
231,SPRING PARK ESTATE,1.315102231,103.9375846
232,SPRINGWOOD,1.279133802,103.7912332
233,SRI GURU SINGH SABHA,1.303695375,103.8468328
234,SUNGEI KADUT INDUSTRIAL ESTATE,1.412951305,103.7502818
235,Stepping Stones Education Centre,1.318735837,103.9450867
236,TAI HWAN GARDEN,1.357807978,103.8612787
237,TAI KENG VILLAS,1.347242784,103.880887
238,TAI PENG GARDENS,1.36262318,103.889481
239,TAMIL METHODIST CHURCH,1.302002,103.8506577
240,TAMPINES PALMWALK,1.350101715,103.9353978
241,TAMPINES VILLE,1.352157369,103.9359235
242,TANGLIN GROVE,1.298106411,103.799781
243,TATIANA TERRACE,1.329653987,103.9070786
244,TECK WHYE SECONDARY SCHOOL,1.383089179,103.75533
245,TEMBELING MANSIONS,1.30798582,103.90427
246,THE BRITISH CLUB,1.345790665,103.7926303
247,THE CORIS,1.381135032,103.8968314
248,THE DAULAT,1.304751103,103.8528551
249,THE FORD @ HOLLAND,1.313784902,103.7937363
250,THE INFINITI,1.319017673,103.7553887
251,THE INGLEWOOD,1.361072237,103.8297296
252,THE INSTITUTION OF ENGINEERS SINGAPORE,1.345177885,103.7905372
253,THE MEADOWS,1.398600697,103.9162033
254,THE PATERSON EDGE,1.302592849,103.8296758
255,THE POIZ RESIDENCES,1.332027297,103.8686595
256,THE RIVERINA,1.378669282,103.9437944
257,THE SEAWIND,1.311227561,103.914626
258,THE SPRINGFIELD,1.332378053,103.9491889
259,THE STELLAR,1.293176999,103.7677297
260,THE SULTAN,1.303175369,103.8610025
261,THE TENERIFFE,1.326477015,103.7910334
262,THE WHITLEY RESIDENCES,1.326425968,103.8380012
263,THE WOODS,1.351809702,103.697444
264,THOMSON GARDEN ESTATE,1.354643373,103.8366733
265,THOMSON HILLS ESTATE,1.379200925,103.8345462
266,THOMSON PARK,1.355839025,103.8346421
267,THOMSON VIEW CONDOMINIUM,1.357965414,103.8293028
268,TIONG BAHRU ESTATE,1.283601951,103.8349886
269,TREVOSE PLACE,1.327755671,103.8214883
270,TRINITY @ LAVENDER,1.311404819,103.8619215
271,TRIVELIS,1.319446691,103.7656494
272,TUAS COVE INDUSTRIAL CENTRE,1.318606117,103.6295686
273,Tri-Love Student Care @ North View Primary School,1.427523266,103.8481908
274,UE SQUARE,1.292731987,103.8422501
275,UOB SPC Commonwealth,1.30571898,103.7951582
276,VALLEY LODGE,1.294685052,103.841406
277,VICTORY VILLE,1.363460078,103.9733244
278,VILLA D'ESTE,1.31629116,103.8251911
279,VILLA VERDE,1.389977853,103.751913
280,VISTA 18,1.301917877,103.7630734
281,WATERBAY,1.401261478,103.9074922
282,WATERLOO CENTRE,1.298694453,103.852082
283,WATERVIEW,1.34856753,103.9266753
284,WATTEN ESTATE,1.329952943,103.8088761
285,WENYA,1.352663872,103.7044481
286,WEST RIDGES @ BUKIT BATOK,1.357133644,103.7379727
287,WHAMPOA DEW,1.324425701,103.8548126
288,WHITEWATER,1.380198744,103.9351759
289,WIMBORNE VILLAS,1.304698891,103.8864158
290,WOODHAVEN,1.430711952,103.7836864
291,WOODLANDS GLADE,1.448332111,103.8023005
292,WOODLEIGH MRT STATION  (NE11),1.339190045,103.8708183
293,YEW TEE INDUSTRIAL ESTATE,1.398355946,103.7531556
294,YIO CHU KANG TERRACE,1.358618515,103.8752385
