<?xml version="1.0" encoding="UTF-8"?>
<project-private xmlns="http://www.netbeans.org/ns/project-private/1">
    <editor-bookmarks xmlns="http://www.netbeans.org/ns/editor-bookmarks/2" lastBookmarkId="0"/>
    <open-files xmlns="http://www.netbeans.org/ns/projectui-open-files/2">
        <group>
            <file>file:/C:/Users/shrut/OneDrive/Desktop/Vehicle%20Management%20System/src/vehler/DriverSignUp.java</file>
            <file>file:/C:/Users/shrut/OneDrive/Desktop/Vehicle%20Management%20System/src/vehler/Rickshaw.java</file>
            <file>file:/C:/Users/shrut/OneDrive/Desktop/Vehicle%20Management%20System/src/vehler/AddVehicle.java</file>
            <file>file:/C:/Users/shrut/OneDrive/Desktop/Vehicle%20Management%20System/src/vehler/DriverCar.java</file>
            <file>file:/C:/Users/shrut/OneDrive/Desktop/Vehicle%20Management%20System/src/vehler/DriverSettings.java</file>
            <file>file:/C:/Users/shrut/OneDrive/Desktop/Vehicle%20Management%20System/src/vehler/MyRides.java</file>
            <file>file:/C:/Users/shrut/OneDrive/Desktop/Vehicle%20Management%20System/src/vehler/PassengerSettings.java</file>
            <file>file:/C:/Users/shrut/OneDrive/Desktop/Vehicle%20Management%20System/src/vehler/DriverRickshaw.java</file>
            <file>file:/C:/Users/shrut/OneDrive/Desktop/Vehicle%20Management%20System/src/vehler/Ride.java</file>
            <file>file:/C:/Users/shrut/OneDrive/Desktop/Vehicle%20Management%20System/src/vehler/DeleteRickshaw.java</file>
            <file>file:/C:/Users/shrut/OneDrive/Desktop/Vehicle%20Management%20System/src/vehler/StartDriving.java</file>
            <file>file:/C:/Users/shrut/OneDrive/Desktop/Vehicle%20Management%20System/src/vehler/DriverBus.java</file>
            <file>file:/C:/Users/shrut/OneDrive/Desktop/Vehicle%20Management%20System/src/vehler/LoginMain.java</file>
            <file>file:/C:/Users/shrut/OneDrive/Desktop/Vehicle%20Management%20System/src/vehler/SelectDeleteVehicle.java</file>
            <file>file:/C:/Users/shrut/OneDrive/Desktop/Vehicle%20Management%20System/src/vehler/ForgotPasswordForm.java</file>
            <file>file:/C:/Users/shrut/OneDrive/Desktop/Vehicle%20Management%20System/src/vehler/RegistrationForm.java</file>
            <file>file:/C:/Users/shrut/OneDrive/Desktop/Vehicle%20Management%20System/src/vehler/DriverHome.java</file>
            <file>file:/C:/Users/shrut/OneDrive/Desktop/Vehicle%20Management%20System/src/vehler/PassengerHome.java</file>
            <file>file:/C:/Users/shrut/OneDrive/Desktop/Vehicle%20Management%20System/src/vehler/DbConnection.java</file>
            <file>file:/C:/Users/shrut/OneDrive/Desktop/Vehicle%20Management%20System/src/vehler/DriverRide.java</file>
            <file>file:/C:/Users/shrut/OneDrive/Desktop/Vehicle%20Management%20System/src/vehler/Passenger.java</file>
            <file>file:/C:/Users/shrut/OneDrive/Desktop/Vehicle%20Management%20System/src/vehler/Vehicle.java</file>
            <file>file:/C:/Users/shrut/OneDrive/Desktop/Vehicle%20Management%20System/src/vehler/Driver.java</file>
        </group>
    </open-files>
</project-private>
